[
    {
        "arquivo": "Instalador SQL 2008 x64",
        "link": "https://mega.nz/file/I040hCYA#dHOmJvnoWQrpR_Wl27JC3ffbg8fXtvRWaPqnL-aFB4s"
    },
    {
        "arquivo": "Instalador SQL 2012 x64",
        "link": "https://drive.google.com/file/d/1HzxGwdN55Z73DIDburYLibSEkVFutXGs/view?usp=sharing"
    },
    {
        "arquivo": "Ativador Windows/Office",
        "link": "https://mega.nz/file/B4QADZIQ#VTZ2UBlxnG7UMyaYGp5kwwM47uD3bOyvs_PcvHie5e8"
    },
    {
        "arquivo": "Office_Professional_Plus_2016_32Bit_64Bit.iso",
        "link": "https://mega.nz/file/45JURDBR#0VYly5xooha0OHD6a2FVnhHXeCAPT5r2qTORyQrCfZ0"
    },
    {
        "arquivo": "PASTA DE ETIQUETA - DOWNLOAD",
        "link": "https://mega.nz/file/JoxQyIwS#3RPLrJngYXDtm1R5GDkDXcKL5NAaJ4ekbuytBNAquCY"
    },
    {
        "arquivo": "PASTA DE ETIQUETA - ONLINE",
        "link": "https://drive.google.com/open?id=1B0fCREojTf-C_cmwHzmWQXmGESiMm_0I&usp=drive_fs"
    },
    {
        "arquivo": "Comercial.exe",
        "link": "https://mega.nz/file/s8IzgQ5L#8hZ6CfUXCikdNUUXGWgbp3BMCa7MWliEYvWlZhulHnA"
    },
    {
        "arquivo": "CDS_Baixaexe.rar",
        "link": "https://mega.nz/file/VgAmGC6Y#NS8oZsVj4a2jwg2_PN1kFNNz-_yWkdCQxKfXJfcc4eE"
    },
    {
        "arquivo": "MANUAL DESENVOLVEDOR PPLA",
        "link": "https://drive.google.com/file/d/1088DHiShvBtf72YTyWg4zdAp9-xtVuH6/view?usp=drive_link"
    },
    {
        "arquivo": "MANUAL DESENVOLVEDOR BPLB",
        "link": "https://drive.google.com/file/d/108Ye8wkRdTPzVGVcwWQEMqb5topDkFMg/view?usp=drive_link"
    },
    {
        "arquivo": "Pasta Instala Completa",
        "link": "https://drive.google.com/drive/folders/1r1nV-co7tO5CoZ16qti3yvXeyaS143QO?usp=sharing"
    },
    {
        "arquivo": "Instalador NF-e",
        "link": "http://198.49.71.152:800/cdsnfe/"
    },
    {
        "arquivo": "BDE.exe",
        "link": "https://mega.nz/file/o5BkjbzD#5-Gf7_Pqa9Iy5y48CYhbJXQn7o31EyH0xYiOrMaNP6o"
    },
    {
        "arquivo": "etiqueta.bat",
        "link": "https://mega.nz/file/l4oT1bAR#_R7-Ep31vbBEGoYnO8cNlrKZOoSgyaQmmlcxrItx0JQ"
    },
    {
        "arquivo": "Cópias Atualizadas (Google Drive)",
        "link": "https://drive.google.com/drive/folders/1-2fjgkWYKHJ-9sGvFMV9vFx7Pz32_aLi?usp=sharing"
    },
    {
        "arquivo": "APENASCONSULTA.BMP",
        "link": "https://drive.google.com/file/d/1xdTXaULPhetHOt3xZwwo03pAFyFFcRjg/view?usp=sharing"
    },
    {
        "arquivo": "FORMULARIO E-COMMERCE",
        "link": "https://docs.google.com/spreadsheets/d/1mJp1ldK5llwV--wvwSW07dLctviav36T/edit?usp=sharing&ouid=110056339458221887165&rtpof=true&sd=true"
    },
    {
        "arquivo": "SQL 2014 EXPRESS",
        "link": "https://mega.nz/file/EgRAGQZC#eTWVfJ78Uapvk5gmJ00aAARxSOMcOws_3EBDlaaki38"
    }
]