[
    {
        "title": "SUBIR BANCO PRA NUVEM E CRIAR CDSWEB DO CLIENTE",
        "url": "https://youtu.be/U0o1lySyJJE"
    },
    {
        "title": "NUMMUS CRM | COMO CONFIGURAR E OPERAR",
        "url": "https://youtu.be/4DxRL5-g2T8"
    },
    {
        "title": "NOVA TELA COTACAO COMPRA",
        "url": "https://youtu.be/rL3PxYABNAY"
    },
    {
        "title": "UPGRADE DE CLIENTE VERSAO DESKTOP PARA HIBRIDO",
        "url": "https://www.youtube.com/watch?v=WfCyLAXSJE4"
    },
    {
        "title": "IMPORTAÇÃO DE CADASTRO PELO CDSWEB E CONFERENCIA DE ESTOQUE VIA TXT",
        "url": "https://www.youtube.com/watch?v=-AOzKkoCKR8"
    },
    {
        "title": "Consulta de credenciamento e CSC de um certificado digital",
        "url": "https://www.youtube.com/watch?v=0RYzdsvWLog"
    },
    {
        "title": "Operações básicas no migrate para suporte e implantação",
        "url": "https://www.youtube.com/watch?v=WK6orHLQOCE"
    },
    {
        "title": "DESENVOLVIMENTO DE ETIQUETA PPLA/PPLB (ARGOX/ELGIN) PARTE 1",
        "url": "https://www.youtube.com/watch?v=Az-t5H_Ug8g"
    },
    {
        "title": "DESENVOLVIMENTO DE ETIQUETA PPLA/PPLB (ARGOX/ELGIN) PARTE 2",
        "url": "https://www.youtube.com/watch?v=Vp4gwTUuXQQ"
    },
    {
        "title": "IMPORTAÇÃO DE PRODUTOS PELO SQL",
        "url": "https://www.youtube.com/watch?v=lHOEQ1h7KY8"
    },
    {
        "title": "CONFIGURAÇÃO DE BOLETO NO 'PLUGBOLETO'",
        "url": "https://youtu.be/k_DpmzlB-kY"
    },
    {
        "title": "SINCRONIZADOR AUTOMATICO FIREDAC | COMO BAIXAR E CONFIGURAR",
        "url": "https://youtu.be/MtwfcFM_Cr0"
    }
]
